{
  "mejor_modelo": "Regresión Logística",
  "target": "intento_bin",
  "features": [
    "edad",
    "asi",
    "depresion_cesd",
    "conducta_alim",
    "vapea_actual",
    "alcohol_12m",
    "binge_alcohol",
    "violencia_reciente",
    "ansiedad_frec",
    "sexo_Mujer"
  ],
  "clases": [
    0,
    1
  ],
  "n_dev": 2937,
  "n_test": 737,
  "metricas_cv": {
    "modelo": "Regresión Logística",
    "MCC_media": 0.3314909355291874,
    "MCC_sd": 0.03671369061362818,
    "balanced_accuracy_media": 0.774134242846066,
    "balanced_accuracy_sd": 0.04022138683126961,
    "f1_macro_media": 0.6259518715747276,
    "f1_macro_sd": 0.01456380962576473,
    "sensibilidad_media": 0.6819354838709677,
    "sensibilidad_sd": 0.09611820679465131,
    "especificidad_media": 0.8663330018211642,
    "especificidad_sd": 0.020712910130422653,
    "ppv_media": 0.22100132140859227,
    "ppv_sd": 0.018566285014862446,
    "auc_roc_media": 0.8585688284954361,
    "auc_roc_sd": 0.030956841999957307
  },
  "metricas_holdout": {
    "MCC": 0.2976701095317857,
    "balanced_accuracy": 0.7503945480631278,
    "f1_macro": 0.6076957776975821,
    "sensibilidad": 0.65,
    "especificidad": 0.8507890961262554,
    "ppv": 0.2,
    "auc_roc": 0.8361190817790531
  }
}